"Data Source","Indicadores del desarrollo mundial",

"Last Updated Date","2022-06-30",

"Country Name","Country Code","Indicator Name","Indicator Code","1960","1961","1962","1963","1964","1965","1966","1967","1968","1969","1970","1971","1972","1973","1974","1975","1976","1977","1978","1979","1980","1981","1982","1983","1984","1985","1986","1987","1988","1989","1990","1991","1992","1993","1994","1995","1996","1997","1998","1999","2000","2001","2002","2003","2004","2005","2006","2007","2008","2009","2010","2011","2012","2013","2014","2015","2016","2017","2018","2019","2020","2021",
"Aruba","ABW","Ayuda oficial neta recibida (US$ a precios actuales)","DT.ODA.OATL.CD","","","","","","","","","","","","","","","","","","","","","","","","","","","","","","","","","","","","","","","","","11500000","-1700000.04768372","10489999.7711182","76220001.2207031","-11319999.6948242","","","","","","","","","","","","","","","","","",
"","AFE","Ayuda oficial neta recibida (US$ a precios actuales)","DT.ODA.OATL.CD","","","","","","","","","","","","","","","","","","","","","","","","","","","","","","","","","","","","","","","","","","","","","","","","","","","","","","","","","","","","","","",
"Afganistán","AFG","Ayuda oficial neta recibida (US$ a precios actuales)","DT.ODA.OATL.CD","","","","","","","","","","","","","","","","","","","","","","","","","","","","","","","","","","","","","","","","","","","","","","","","","","","","","","","","","","","","","","",
"","AFW","Ayuda oficial neta recibida (US$ a precios actuales)","DT.ODA.OATL.CD","","","","","","","","","","","","","","","","","","","","","","","","","","","","","","","","","","","","","","","","","","","","","","","","","","","","","","","","","","","","","","",
"Angola","AGO","Ayuda oficial neta recibida (US$ a precios actuales)","DT.ODA.OATL.CD","","","","","","","","","","","","","","","","","","","","","","","","","","","","","","","","","","","","","","","","","","","","","","","","","","","","","","","","","","","","","","",
"Albania","ALB","Ayuda oficial neta recibida (US$ a precios actuales)","DT.ODA.OATL.CD","","","","","","","","","","","","","","","","","","","","","","","","","","","","","","","","","","","","","","","","","","","","","","","","","","","","","","","","","","","","","","",
"Andorra","AND","Ayuda oficial neta recibida (US$ a precios actuales)","DT.ODA.OATL.CD","","","","","","","","","","","","","","","","","","","","","","","","","","","","","","","","","","","","","","","","","","","","","","","","","","","","","","","","","","","","","","",
"El mundo árabe","ARB","Ayuda oficial neta recibida (US$ a precios actuales)","DT.ODA.OATL.CD","","","","","","","","","","","","","","","","","","","","","","","","","","","","","","","","","","","","","34590000.3910064","5079999.92370605","13109999.8950958","18000000","22780000.2098083","17919999.8378754","21529999.7329712","23210000.038147","25180000.3051758","","","","709999.978542328","289999.99165535","","","","","","","","","","","","",
"Emiratos Árabes Unidos","ARE","Ayuda oficial neta recibida (US$ a precios actuales)","DT.ODA.OATL.CD","","","","","","","","","","","","","","","","","","","","","","","","","","","","","","","","","","","","","6710000.03814697","1740000.00953674","3460000.03814697","3329999.92370605","3200000.04768372","2369999.88555908","3829999.92370605","4960000.03814697","5360000.1335144","","","","","","","","","","","","","","","","","",
"Argentina","ARG","Ayuda oficial neta recibida (US$ a precios actuales)","DT.ODA.OATL.CD","","","","","","","","","","","","","","","","","","","","","","","","","","","","","","","","","","","","","","","","","","","","","","","","","","","","","","","","","","","","","","",
"Armenia","ARM","Ayuda oficial neta recibida (US$ a precios actuales)","DT.ODA.OATL.CD","","","","","","","","","","","","","","","","","","","","","","","","","","","","","","","","","","","","","","","","","","","","","","","","","","","","","","","","","","","","","","",
"Samoa Americana","ASM","Ayuda oficial neta recibida (US$ a precios actuales)","DT.ODA.OATL.CD","","","","","","","","","","","","","","","","","","","","","","","","","","","","","","","","","","","","","","","","","","","","","","","","","","","","","","","","","","","","","","",
"Antigua y Barbuda","ATG","Ayuda oficial neta recibida (US$ a precios actuales)","DT.ODA.OATL.CD","","","","","","","","","","","","","","","","","","","","","","","","","","","","","","","","","","","","","","","","","","","","","","","","","","","","","","","","","","","","","","",
"Australia","AUS","Ayuda oficial neta recibida (US$ a precios actuales)","DT.ODA.OATL.CD","","","","","","","","","","","","","","","","","","","","","","","","","","","","","","","","","","","","","","","","","","","","","","","","","","","","","","","","","","","","","","",
"Austria","AUT","Ayuda oficial neta recibida (US$ a precios actuales)","DT.ODA.OATL.CD","","","","","","","","","","","","","","","","","","","","","","","","","","","","","","","","","","","","","","","","","","","","","","","","","","","","","","","","","","","","","","",
"Azerbaiyán","AZE","Ayuda oficial neta recibida (US$ a precios actuales)","DT.ODA.OATL.CD","","","","","","","","","","","","","","","","","","","","","","","","","","","","","","","","","","","","","","","","","","","","","","","","","","","","","","","","","","","","","","",
"Burundi","BDI","Ayuda oficial neta recibida (US$ a precios actuales)","DT.ODA.OATL.CD","","","","","","","","","","","","","","","","","","","","","","","","","","","","","","","","","","","","","","","","","","","","","","","","","","","","","","","","","","","","","","",
"Bélgica","BEL","Ayuda oficial neta recibida (US$ a precios actuales)","DT.ODA.OATL.CD","","","","","","","","","","","","","","","","","","","","","","","","","","","","","","","","","","","","","","","","","","","","","","","","","","","","","","","","","","","","","","",
"Benin","BEN","Ayuda oficial neta recibida (US$ a precios actuales)","DT.ODA.OATL.CD","","","","","","","","","","","","","","","","","","","","","","","","","","","","","","","","","","","","","","","","","","","","","","","","","","","","","","","","","","","","","","",
"Burkina Faso","BFA","Ayuda oficial neta recibida (US$ a precios actuales)","DT.ODA.OATL.CD","","","","","","","","","","","","","","","","","","","","","","","","","","","","","","","","","","","","","","","","","","","","","","","","","","","","","","","","","","","","","","",
"Bangladesh","BGD","Ayuda oficial neta recibida (US$ a precios actuales)","DT.ODA.OATL.CD","","","","","","","","","","","","","","","","","","","","","","","","","","","","","","","","","","","","","","","","","","","","","","","","","","","","","","","","","","","","","","",
"Bulgaria","BGR","Ayuda oficial neta recibida (US$ a precios actuales)","DT.ODA.OATL.CD","","","","","","","","","","","","","","","","","","","","","","","","","","","","","","","13619999.8855591","315679992.675781","147509994.506836","114650001.525879","157339996.337891","113069999.694824","180020004.272461","219470001.220703","238800003.051758","266559997.558594","307140014.648438","345950012.207031","326809997.558594","419410003.662109","618369995.117188","","","","","","","","","","","","","","","","","",
"Bahrein","BHR","Ayuda oficial neta recibida (US$ a precios actuales)","DT.ODA.OATL.CD","","","","","","","","","","","","","","","","","","","","","","","","","","","","","","","","","","","","","","","","","","","","","","","","","","","","","","","","","","","","","","",
"Bahamas","BHS","Ayuda oficial neta recibida (US$ a precios actuales)","DT.ODA.OATL.CD","","","","","","","","","","","","","","","","","","","","","","","","","","","","","","","","","","","","","1450000.04768372","3460000.03814697","22600000.3814697","11470000.2670288","5469999.79019165","7440000.05722046","4710000.03814697","3880000.11444092","4480000.01907349","","","","","","","","","","","","","","","","","",
"Bosnia y Herzegovina","BIH","Ayuda oficial neta recibida (US$ a precios actuales)","DT.ODA.OATL.CD","","","","","","","","","","","","","","","","","","","","","","","","","","","","","","","","","","","","","","","","","","","","","","","","","","","","","","","","","","","","","","",
"Belarús","BLR","Ayuda oficial neta recibida (US$ a precios actuales)","DT.ODA.OATL.CD","","","","","","","","","","","","","","","","","","","","","","","","","","","","","","","","187029998.779297","272739990.234375","186009994.506836","119019996.643066","222720001.220703","76569999.6948242","56529998.7792969","40450000.7629395","39720001.2207031","35959999.0844727","40549999.2370605","39450000.7629395","45979999.5422363","49939998.626709","","","","","","","","","","","","","","","","","",
"Belice","BLZ","Ayuda oficial neta recibida (US$ a precios actuales)","DT.ODA.OATL.CD","","","","","","","","","","","","","","","","","","","","","","","","","","","","","","","","","","","","","","","","","","","","","","","","","","","","","","","","","","","","","","",
"Bermudas","BMU","Ayuda oficial neta recibida (US$ a precios actuales)","DT.ODA.OATL.CD","","","","","","","","","","","","","","","","","","","","","","","","","","","","","","","","","","","","","","-8220000.26702881","550000.011920929","79999.9982118607","59999.9986588955","19999.9995529652","19999.9995529652","29999.9993294477","90000.0035762787","","","","","","","","","","","","","","","","","",
"Bolivia","BOL","Ayuda oficial neta recibida (US$ a precios actuales)","DT.ODA.OATL.CD","","","","","","","","","","","","","","","","","","","","","","","","","","","","","","","","","","","","","","","","","","","","","","","","","","","","","","","","","","","","","","",
"Brasil","BRA","Ayuda oficial neta recibida (US$ a precios actuales)","DT.ODA.OATL.CD","","","","","","","","","","","","","","","","","","","","","","","","","","","","","","","","","","","","","","","","","","","","","","","","","","","","","","","","","","","","","","",
"Barbados","BRB","Ayuda oficial neta recibida (US$ a precios actuales)","DT.ODA.OATL.CD","","","","","","","","","","","","","","","","","","","","","","","","","","","","","","","","","","","","","","","","","","","","","","","","","","","","","","","","","","","","","","",
"Brunei Darussalam","BRN","Ayuda oficial neta recibida (US$ a precios actuales)","DT.ODA.OATL.CD","","","","","","","","","","","","","","","","","","","","","","","","","","","","","","","","","","","","","3170000.07629395","379999.995231628","330000.013113022","1429999.94754791","629999.995231628","349999.994039536","-1820000.05245209","469999.998807907","769999.980926514","","","","","","","","","","","","","","","","","",
"Bhután","BTN","Ayuda oficial neta recibida (US$ a precios actuales)","DT.ODA.OATL.CD","","","","","","","","","","","","","","","","","","","","","","","","","","","","","","","","","","","","","","","","","","","","","","","","","","","","","","","","","","","","","","",
"Botswana","BWA","Ayuda oficial neta recibida (US$ a precios actuales)","DT.ODA.OATL.CD","","","","","","","","","","","","","","","","","","","","","","","","","","","","","","","","","","","","","","","","","","","","","","","","","","","","","","","","","","","","","","",
"República Centroafricana","CAF","Ayuda oficial neta recibida (US$ a precios actuales)","DT.ODA.OATL.CD","","","","","","","","","","","","","","","","","","","","","","","","","","","","","","","","","","","","","","","","","","","","","","","","","","","","","","","","","","","","","","",
"Canadá","CAN","Ayuda oficial neta recibida (US$ a precios actuales)","DT.ODA.OATL.CD","","","","","","","","","","","","","","","","","","","","","","","","","","","","","","","","","","","","","","","","","","","","","","","","","","","","","","","","","","","","","","",
"Europa Central y del Báltico","CEB","Ayuda oficial neta recibida (US$ a precios actuales)","DT.ODA.OATL.CD","","","","","","","","","","","","","","","","","","","","","","","","","","","","","","","1664830025.67292","4138359970.09278","2534090026.85547","1804770057.67822","2714990020.75195","4500429889.67896","2226469989.77661","1910779983.52051","2640660011.29151","3032530014.03808","3186090026.85547","3150239997.86377","2355969997.406","3500669998.16895","4473780044.55567","","","","","","","280000.001192093","","","","","","","","","","",
"Suiza","CHE","Ayuda oficial neta recibida (US$ a precios actuales)","DT.ODA.OATL.CD","","","","","","","","","","","","","","","","","","","","","","","","","","","","","","","","","","","","","","","","","","","","","","","","","","","","","","","","","","","","","","",
"Islas del Canal","CHI","Ayuda oficial neta recibida (US$ a precios actuales)","DT.ODA.OATL.CD","","","","","","","","","","","","","","","","","","","","","","","","","","","","","","","","","","","","","","","","","","","","","","","","","","","","","","","","","","","","","","",
"Chile","CHL","Ayuda oficial neta recibida (US$ a precios actuales)","DT.ODA.OATL.CD","","","","","","","","","","","","","","","","","","","","","","","","","","","","","","","","","","","","","","","","","","","","","","","","","","","","","","","","","","","","","","",
"China","CHN","Ayuda oficial neta recibida (US$ a precios actuales)","DT.ODA.OATL.CD","","","","","","","","","","","","","","","","","","","","","","","","","","","","","","","","","","","","","","","","","","","","","","","","","","","","","","","","","","","","","","",
"Côte d'Ivoire","CIV","Ayuda oficial neta recibida (US$ a precios actuales)","DT.ODA.OATL.CD","","","","","","","","","","","","","","","","","","","","","","","","","","","","","","","","","","","","","","","","","","","","","","","","","","","","","","","","","","","","","","",
"Camerún","CMR","Ayuda oficial neta recibida (US$ a precios actuales)","DT.ODA.OATL.CD","","","","","","","","","","","","","","","","","","","","","","","","","","","","","","","","","","","","","","","","","","","","","","","","","","","","","","","","","","","","","","",
"Congo, República Democrática del","COD","Ayuda oficial neta recibida (US$ a precios actuales)","DT.ODA.OATL.CD","","","","","","","","","","","","","","","","","","","","","","","","","","","","","","","","","","","","","","","","","","","","","","","","","","","","","","","","","","","","","","",
"Congo, República del","COG","Ayuda oficial neta recibida (US$ a precios actuales)","DT.ODA.OATL.CD","","","","","","","","","","","","","","","","","","","","","","","","","","","","","","","","","","","","","","","","","","","","","","","","","","","","","","","","","","","","","","",
"Colombia","COL","Ayuda oficial neta recibida (US$ a precios actuales)","DT.ODA.OATL.CD","","","","","","","","","","","","","","","","","","","","","","","","","","","","","","","","","","","","","","","","","","","","","","","","","","","","","","","","","","","","","","",
"Comoras","COM","Ayuda oficial neta recibida (US$ a precios actuales)","DT.ODA.OATL.CD","","","","","","","","","","","","","","","","","","","","","","","","","","","","","","","","","","","","","","","","","","","","","","","","","","","","","","","","","","","","","","",
"Cabo Verde","CPV","Ayuda oficial neta recibida (US$ a precios actuales)","DT.ODA.OATL.CD","","","","","","","","","","","","","","","","","","","","","","","","","","","","","","","","","","","","","","","","","","","","","","","","","","","","","","","","","","","","","","",
"Costa Rica","CRI","Ayuda oficial neta recibida (US$ a precios actuales)","DT.ODA.OATL.CD","","","","","","","","","","","","","","","","","","","","","","","","","","","","","","","","","","","","","","","","","","","","","","","","","","","","","","","","","","","","","","",
"Estados pequeos del Caribe","CSS","Ayuda oficial neta recibida (US$ a precios actuales)","DT.ODA.OATL.CD","","","","","","","","","","","","","","","","","","","","","","","","","","","","","","","","","","","","","1450000.04768372","3460000.03814697","22600000.3814697","11470000.2670288","5469999.79019165","7440000.05722046","4710000.03814697","3880000.11444092","4480000.01907349","","","","","","","","","","","","","","","","","",
"Cuba","CUB","Ayuda oficial neta recibida (US$ a precios actuales)","DT.ODA.OATL.CD","","","","","","","","","","","","","","","","","","","","","","","","","","","","","","","","","","","","","","","","","","","","","","","","","","","","","","","","","","","","","","",
"Curacao","CUW","Ayuda oficial neta recibida (US$ a precios actuales)","DT.ODA.OATL.CD","","","","","","","","","","","","","","","","","","","","","","","","","","","","","","","","","","","","","","","","","","","","","","","","","","","","","","","","","","","","","","",
"Islas Caimán","CYM","Ayuda oficial neta recibida (US$ a precios actuales)","DT.ODA.OATL.CD","","","","","","","","","","","","","","","","","","","","","","","","","","","","","","","","","","","","","","-3799999.95231628","159999.996423721","3009999.99046326","-3599999.90463257","-779999.971389771","-1850000.02384186","-1429999.94754791","389999.985694885","","","","","","","","","","","","","","","","","",
"Chipre","CYP","Ayuda oficial neta recibida (US$ a precios actuales)","DT.ODA.OATL.CD","","","","","","","","","","","","","","","","","","","","","","","","","","","","","","","","","","","","","","42220001.2207031","34529998.7792969","53310001.373291","54400001.5258789","49700000.7629395","34250000","14390000.3433228","59860000.6103516","","","","","","","","","","","","","","","","","",
"República Checa","CZE","Ayuda oficial neta recibida (US$ a precios actuales)","DT.ODA.OATL.CD","","","","","","","","","","","","","","","","","","","","","","","","","","","","","","","13680000.3051758","231000000","129820007.324219","99150001.5258789","148270004.272461","147380004.882813","128529998.779297","115139999.389648","447829986.572266","317989990.234375","437369995.117188","313779998.779297","159770004.272461","263269989.013672","278660003.662109","","","","","","","","","","","","","","","","","",
"Alemania","DEU","Ayuda oficial neta recibida (US$ a precios actuales)","DT.ODA.OATL.CD","","","","","","","","","","","","","","","","","","","","","","","","","","","","","","","","","","","","","","","","","","","","","","","","","","","","","","","","","","","","","","",
"Djibouti","DJI","Ayuda oficial neta recibida (US$ a precios actuales)","DT.ODA.OATL.CD","","","","","","","","","","","","","","","","","","","","","","","","","","","","","","","","","","","","","","","","","","","","","","","","","","","","","","","","","","","","","","",
"Dominica","DMA","Ayuda oficial neta recibida (US$ a precios actuales)","DT.ODA.OATL.CD","","","","","","","","","","","","","","","","","","","","","","","","","","","","","","","","","","","","","","","","","","","","","","","","","","","","","","","","","","","","","","",
"Dinamarca","DNK","Ayuda oficial neta recibida (US$ a precios actuales)","DT.ODA.OATL.CD","","","","","","","","","","","","","","","","","","","","","","","","","","","","","","","","","","","","","","","","","","","","","","","","","","","","","","","","","","","","","","",
"República Dominicana","DOM","Ayuda oficial neta recibida (US$ a precios actuales)","DT.ODA.OATL.CD","","","","","","","","","","","","","","","","","","","","","","","","","","","","","","","","","","","","","","","","","","","","","","","","","","","","","","","","","","","","","","",
"Argelia","DZA","Ayuda oficial neta recibida (US$ a precios actuales)","DT.ODA.OATL.CD","","","","","","","","","","","","","","","","","","","","","","","","","","","","","","","","","","","","","","","","","","","","","","","","","","","","","","","","","","","","","","",
"Asia oriental y el Pacífico (excluido altos ingresos)","EAP","Ayuda oficial neta recibida (US$ a precios actuales)","DT.ODA.OATL.CD","","","","","","","","","","","","","","","","","","","","","","","","","","","","","","","0","0","0","0","0","0","0","0","0","0","0","0","0","0","0","","","","","","","","","","","","","","","","","",
"inicial del dividendo demográfico","EAR","Ayuda oficial neta recibida (US$ a precios actuales)","DT.ODA.OATL.CD","","","","","","","","","","","","","","","","","","","","","","","","","","","","","","","","","","","","","","1196349975.58594","1066069946.28906","905710021.972656","813750000","179300005.912781","763839994.90738","447899990.081787","491350006.103516","","","","709999.978542328","289999.99165535","","","","","","","","","","","","",
"Asia oriental y el Pacífico","EAS","Ayuda oficial neta recibida (US$ a precios actuales)","DT.ODA.OATL.CD","","","","","","","","","","","","","","","","","","","","","","","","","","","","","","","0","0","0","0","0","0","18050000.1907349","17289999.3658066","85250003.5464764","17349999.666214","570790010.57148","585819978.445768","677579997.65873","534869966.119528","1064110025.99448","","","","","","","","","","","","","","","","","",
"Europa y Asia central (excluido altos ingresos)","ECA","Ayuda oficial neta recibida (US$ a precios actuales)","DT.ODA.OATL.CD","","","","","","","","","","","","","","","","","","","","","","","","","","","","","","","625739995.002747","2578429962.1582","1984679995.5368","2047269998.55042","2623460071.56372","2734919967.65137","2397400032.04346","2238160018.9209","2832199985.50415","2666229965.20996","2279490013.12256","2066940029.14429","1978949985.50415","2250509983.06274","2826590023.04077","","","","","","","","","","","","","","","","","",
"Europa y Asia central","ECS","Ayuda oficial neta recibida (US$ a precios actuales)","DT.ODA.OATL.CD","","","","","","","","","","","","","","","","","","","","","","","","","","","","","","","2287570031.16608","6644069961.54785","6048170001.02997","5990109964.37073","6873610111.23657","8741209880.82886","5616080043.79272","4656280014.03809","6085589992.52319","7036439914.70337","6517580005.64575","5425110056.4003","5001260011.59847","6026799976.11046","7170560109.37691","","","","","","","","","","","","","","","","","",
"Ecuador","ECU","Ayuda oficial neta recibida (US$ a precios actuales)","DT.ODA.OATL.CD","","","","","","","","","","","","","","","","","","","","","","","","","","","","","","","","","","","","","","","","","","","","","","","","","","","","","","","","","","","","","","",
"Egipto, República Árabe de","EGY","Ayuda oficial neta recibida (US$ a precios actuales)","DT.ODA.OATL.CD","","","","","","","","","","","","","","","","","","","","","","","","","","","","","","","","","","","","","","","","","","","","","","","","","","","","","","","","","","","","","","",
"Zona del Euro","EMU","Ayuda oficial neta recibida (US$ a precios actuales)","DT.ODA.OATL.CD","","","","","","","","","","","","","","","","","","","","","","","","","","","","","","","6840000.15258789","137449996.948242","341889999.389648","188340003.967285","246389999.389648","398490001.678467","319869998.931885","363330001.831055","508360008.239747","686969989.776611","419629997.253418","517649990.081788","448719997.406005","810130004.882814","909679990.291596","","","","","","","","","","","","","","","","","",
"Eritrea","ERI","Ayuda oficial neta recibida (US$ a precios actuales)","DT.ODA.OATL.CD","","","","","","","","","","","","","","","","","","","","","","","","","","","","","","","","","","","","","","","","","","","","","","","","","","","","","","","","","","","","","","",
"España","ESP","Ayuda oficial neta recibida (US$ a precios actuales)","DT.ODA.OATL.CD","","","","","","","","","","","","","","","","","","","","","","","","","","","","","","","","","","","","","","","","","","","","","","","","","","","","","","","","","","","","","","",
"Estonia","EST","Ayuda oficial neta recibida (US$ a precios actuales)","DT.ODA.OATL.CD","","","","","","","","","","","","","","","","","","","","","","","","","","","","","","","","15369999.8855591","104370002.746582","42310001.373291","43810001.373291","58049999.2370605","59369998.9318848","65910003.6621094","90989997.8637695","83620002.746582","63830001.8310547","68500000","54409999.8474121","84300003.0517578","135429992.675781","","","","","","","","","","","","","","","","","",
"Etiopía","ETH","Ayuda oficial neta recibida (US$ a precios actuales)","DT.ODA.OATL.CD","","","","","","","","","","","","","","","","","","","","","","","","","","","","","","","","","","","","","","","","","","","","","","","","","","","","","","","","","","","","","","",
"Unión Europea","EUU","Ayuda oficial neta recibida (US$ a precios actuales)","DT.ODA.OATL.CD","","","","","","","","","","","","","","","","","","","","","","","","","","","","","","","1664830025.67292","4138359970.09278","2534090026.85547","1804770057.67822","2714990020.75195","4500429889.67896","2226469989.77661","1952999984.74121","2675190010.0708","3085840015.41137","3240490028.38135","3199939998.62671","2390219997.40601","3524169998.16895","4539830045.22324","","","","","","","280000.001192093","","","","","","","","","","",
"Frágiles y situaciones de conflicto afectados","FCS","Ayuda oficial neta recibida (US$ a precios actuales)","DT.ODA.OATL.CD","","","","","","","","","","","","","","","","","","","","","","","","","","","","","","","","","","","","","","","","","13750000","6949999.80926514","6969999.79019165","7909999.84741211","12500000","","","","","","","","","","","","","","","","","",
"Finlandia","FIN","Ayuda oficial neta recibida (US$ a precios actuales)","DT.ODA.OATL.CD","","","","","","","","","","","","","","","","","","","","","","","","","","","","","","","","","","","","","","","","","","","","","","","","","","","","","","","","","","","","","","",
"Fiji","FJI","Ayuda oficial neta recibida (US$ a precios actuales)","DT.ODA.OATL.CD","","","","","","","","","","","","","","","","","","","","","","","","","","","","","","","","","","","","","","","","","","","","","","","","","","","","","","","","","","","","","","",
"Francia","FRA","Ayuda oficial neta recibida (US$ a precios actuales)","DT.ODA.OATL.CD","","","","","","","","","","","","","","","","","","","","","","","","","","","","","","","","","","","","","","","","","","","","","","","","","","","","","","","","","","","","","","",
"Islas Feroe","FRO","Ayuda oficial neta recibida (US$ a precios actuales)","DT.ODA.OATL.CD","","","","","","","","","","","","","","","","","","","","","","","","","","","","","","","","","","","","","","","","","","","","","","","","","","","","","","","","","","","","","","",
"Micronesia (Estados Federados de)","FSM","Ayuda oficial neta recibida (US$ a precios actuales)","DT.ODA.OATL.CD","","","","","","","","","","","","","","","","","","","","","","","","","","","","","","","","","","","","","","","","","","","","","","","","","","","","","","","","","","","","","","",
"Gabón","GAB","Ayuda oficial neta recibida (US$ a precios actuales)","DT.ODA.OATL.CD","","","","","","","","","","","","","","","","","","","","","","","","","","","","","","","","","","","","","","","","","","","","","","","","","","","","","","","","","","","","","","",
"Reino Unido","GBR","Ayuda oficial neta recibida (US$ a precios actuales)","DT.ODA.OATL.CD","","","","","","","","","","","","","","","","","","","","","","","","","","","","","","","","","","","","","","","","","","","","","","","","","","","","","","","","","","","","","","",
"Georgia","GEO","Ayuda oficial neta recibida (US$ a precios actuales)","DT.ODA.OATL.CD","","","","","","","","","","","","","","","","","","","","","","","","","","","","","","","","","","","","","","","","","","","","","","","","","","","","","","","","","","","","","","",
"Ghana","GHA","Ayuda oficial neta recibida (US$ a precios actuales)","DT.ODA.OATL.CD","","","","","","","","","","","","","","","","","","","","","","","","","","","","","","","","","","","","","","","","","","","","","","","","","","","","","","","","","","","","","","",
"Gibraltar","GIB","Ayuda oficial neta recibida (US$ a precios actuales)","DT.ODA.OATL.CD","","","","","","","","","","","","","","","","","","","","","","","","","","","","","","","","","","","","","","","","","39999.9991059303","730000.019073486","9999.99977648258","29999.9993294477","189999.997615814","","","","","","","","","","","","","","","","","",
"Guinea","GIN","Ayuda oficial neta recibida (US$ a precios actuales)","DT.ODA.OATL.CD","","","","","","","","","","","","","","","","","","","","","","","","","","","","","","","","","","","","","","","","","","","","","","","","","","","","","","","","","","","","","","",
"Gambia","GMB","Ayuda oficial neta recibida (US$ a precios actuales)","DT.ODA.OATL.CD","","","","","","","","","","","","","","","","","","","","","","","","","","","","","","","","","","","","","","","","","","","","","","","","","","","","","","","","","","","","","","",
"Guinea-Bissau","GNB","Ayuda oficial neta recibida (US$ a precios actuales)","DT.ODA.OATL.CD","","","","","","","","","","","","","","","","","","","","","","","","","","","","","","","","","","","","","","","","","","","","","","","","","","","","","","","","","","","","","","",
"Guinea Ecuatorial","GNQ","Ayuda oficial neta recibida (US$ a precios actuales)","DT.ODA.OATL.CD","","","","","","","","","","","","","","","","","","","","","","","","","","","","","","","","","","","","","","","","","","","","","","","","","","","","","","","","","","","","","","",
"Grecia","GRC","Ayuda oficial neta recibida (US$ a precios actuales)","DT.ODA.OATL.CD","","","","","","","","","","","","","","","","","","","","","","","","","","","","","","","","","","","","","","","","","","","","","","","","","","","","","","","","","","","","","","",
"Granada","GRD","Ayuda oficial neta recibida (US$ a precios actuales)","DT.ODA.OATL.CD","","","","","","","","","","","","","","","","","","","","","","","","","","","","","","","","","","","","","","","","","","","","","","","","","","","","","","","","","","","","","","",
"Groenlandia","GRL","Ayuda oficial neta recibida (US$ a precios actuales)","DT.ODA.OATL.CD","","","","","","","","","","","","","","","","","","","","","","","","","","","","","","","","","","","","","","","","","","","","","","","","","","","","","","","","","","","","","","",
"Guatemala","GTM","Ayuda oficial neta recibida (US$ a precios actuales)","DT.ODA.OATL.CD","","","","","","","","","","","","","","","","","","","","","","","","","","","","","","","","","","","","","","","","","","","","","","","","","","","","","","","","","","","","","","",
"Guam","GUM","Ayuda oficial neta recibida (US$ a precios actuales)","DT.ODA.OATL.CD","","","","","","","","","","","","","","","","","","","","","","","","","","","","","","","","","","","","","","","","","","","","","","","","","","","","","","","","","","","","","","",
"Guyana","GUY","Ayuda oficial neta recibida (US$ a precios actuales)","DT.ODA.OATL.CD","","","","","","","","","","","","","","","","","","","","","","","","","","","","","","","","","","","","","","","","","","","","","","","","","","","","","","","","","","","","","","",
"Ingreso alto","HIC","Ayuda oficial neta recibida (US$ a precios actuales)","DT.ODA.OATL.CD","","","","","","","","","","","","","","","","","","","","","","","","","","","","","","","1651210025.78735","3822679977.41699","2386580032.34863","1690120056.15234","2557650024.41406","4387359889.98413","2100539986.13358","2943689958.21476","3624129957.13949","3774900039.74736","4331480024.55011","3630899970.99712","3525719992.35265","4173119952.46634","5469710082.79175","","","","","","","","","","","","","","","","","",
"Hong Kong, Región Administrativa Especial","HKG","Ayuda oficial neta recibida (US$ a precios actuales)","DT.ODA.OATL.CD","","","","","","","","","","","","","","","","","","","","","","","","","","","","","","","","","","","","","","8439999.5803833","6820000.17166138","3750000","4329999.92370605","3569999.9332428","3960000.03814697","5019999.98092651","6949999.80926514","","","","","","","","","","","","","","","","","",
"Honduras","HND","Ayuda oficial neta recibida (US$ a precios actuales)","DT.ODA.OATL.CD","","","","","","","","","","","","","","","","","","","","","","","","","","","","","","","","","","","","","","","","","","","","","","","","","","","","","","","","","","","","","","",
"Países pobres muy endeudados (PPME)","HPC","Ayuda oficial neta recibida (US$ a precios actuales)","DT.ODA.OATL.CD","","","","","","","","","","","","","","","","","","","","","","","","","","","","","","","","","","","","","","","","","","","","","","","","","","","","","","","","","","","","","","",
"Croacia","HRV","Ayuda oficial neta recibida (US$ a precios actuales)","DT.ODA.OATL.CD","","","","","","","","","","","","","","","","","","","","","","","","","","","","","","","","","","","","","","","","","","","","","","","","","","","","280000.001192093","","","","","","","","","","",
"Haití","HTI","Ayuda oficial neta recibida (US$ a precios actuales)","DT.ODA.OATL.CD","","","","","","","","","","","","","","","","","","","","","","","","","","","","","","","","","","","","","","","","","","","","","","","","","","","","","","","","","","","","","","",
"Hungría","HUN","Ayuda oficial neta recibida (US$ a precios actuales)","DT.ODA.OATL.CD","","","","","","","","","","","","","","","","","","","","","","","","","","","","","","","67010002.1362305","626219970.703125","221149993.896484","164389999.389648","199080001.831055","-245240005.493164","202759994.506836","176160003.662109","238750000","248779998.779297","252169998.168945","417489990.234375","160330001.831055","247990005.493164","302010009.765625","","","","","","","","","","","","","","","","","",
"Sólo BIRF","IBD","Ayuda oficial neta recibida (US$ a precios actuales)","DT.ODA.OATL.CD","","","","","","","","","","","","","","","","","","","","","","","","","","","","","","","2120320027.35138","4262730010.98633","4616470004.08173","4315549951.55334","4431780033.11157","6724739913.94044","3489450019.83643","2530489974.97559","3172220005.0354","4382299957.27539","4278070014.95362","3603160094.26117","3428550005.43594","3829509963.98926","4807860103.60719","","","","","","","280000.001192093","","","","","","","","","","",
"BIRF y la AIF","IBT","Ayuda oficial neta recibida (US$ a precios actuales)","DT.ODA.OATL.CD","","","","","","","","","","","","","","","","","","","","","","","","","","","","","","","2120320027.35138","4262730010.98633","4616470004.08173","4315549951.55334","4431780033.11158","6724739913.94044","3489450019.83643","2530489974.97559","3172220005.0354","4382299957.27539","4278070014.95362","3603160094.26117","3428550005.43594","3829509963.98926","4807860103.60719","","","","","","","280000.001192093","","","","","","","","","","",
"total de la AIF","IDA","Ayuda oficial neta recibida (US$ a precios actuales)","DT.ODA.OATL.CD","","","","","","","","","","","","","","","","","","","","","","","","","","","","","","","","","","","","","","","","","","","","","","","","","","","","","","","","","","","","","","",
"mezcla de la AIF","IDB","Ayuda oficial neta recibida (US$ a precios actuales)","DT.ODA.OATL.CD","","","","","","","","","","","","","","","","","","","","","","","","","","","","","","","","","","","","","","","","","","","","","","","","","","","","","","","","","","","","","","",
"Indonesia","IDN","Ayuda oficial neta recibida (US$ a precios actuales)","DT.ODA.OATL.CD","","","","","","","","","","","","","","","","","","","","","","","","","","","","","","","","","","","","","","","","","","","","","","","","","","","","","","","","","","","","","","",
"Sólo AIF","IDX","Ayuda oficial neta recibida (US$ a precios actuales)","DT.ODA.OATL.CD","","","","","","","","","","","","","","","","","","","","","","","","","","","","","","","","","","","","","","","","","","","","","","","","","","","","","","","","","","","","","","",
"Isla de Man","IMN","Ayuda oficial neta recibida (US$ a precios actuales)","DT.ODA.OATL.CD","","","","","","","","","","","","","","","","","","","","","","","","","","","","","","","","","","","","","","","","","","","","","","","","","","","","","","","","","","","","","","",
"India","IND","Ayuda oficial neta recibida (US$ a precios actuales)","DT.ODA.OATL.CD","","","","","","","","","","","","","","","","","","","","","","","","","","","","","","","","","","","","","","","","","","","","","","","","","","","","","","","","","","","","","","",
"No clasificado","INX","Ayuda oficial neta recibida (US$ a precios actuales)","DT.ODA.OATL.CD","","","","","","","","","","","","","","","","","","","","","","","","","","","","","","","","","","","","","","","","","","","","","","","","","","","","","","","","","","","","","","",
"Irlanda","IRL","Ayuda oficial neta recibida (US$ a precios actuales)","DT.ODA.OATL.CD","","","","","","","","","","","","","","","","","","","","","","","","","","","","","","","","","","","","","","","","","","","","","","","","","","","","","","","","","","","","","","",
"Irán, República Islámica del","IRN","Ayuda oficial neta recibida (US$ a precios actuales)","DT.ODA.OATL.CD","","","","","","","","","","","","","","","","","","","","","","","","","","","","","","","","","","","","","","","","","","","","","","","","","","","","","","","","","","","","","","",
"Iraq","IRQ","Ayuda oficial neta recibida (US$ a precios actuales)","DT.ODA.OATL.CD","","","","","","","","","","","","","","","","","","","","","","","","","","","","","","","","","","","","","","","","","","","","","","","","","","","","","","","","","","","","","","",
"Islandia","ISL","Ayuda oficial neta recibida (US$ a precios actuales)","DT.ODA.OATL.CD","","","","","","","","","","","","","","","","","","","","","","","","","","","","","","","","","","","","","","","","","","","","","","","","","","","","","","","","","","","","","","",
"Israel","ISR","Ayuda oficial neta recibida (US$ a precios actuales)","DT.ODA.OATL.CD","","","","","","","","","","","","","","","","","","","","","","","","","","","","","","","","","","","","","","1196349975.58594","1066069946.28906","905710021.972656","800000000","172350006.103516","756869995.117188","439989990.234375","478850006.103516","","","","","","","","","","","","","","","","","",
"Italia","ITA","Ayuda oficial neta recibida (US$ a precios actuales)","DT.ODA.OATL.CD","","","","","","","","","","","","","","","","","","","","","","","","","","","","","","","","","","","","","","","","","","","","","","","","","","","","","","","","","","","","","","",
"Jamaica","JAM","Ayuda oficial neta recibida (US$ a precios actuales)","DT.ODA.OATL.CD","","","","","","","","","","","","","","","","","","","","","","","","","","","","","","","","","","","","","","","","","","","","","","","","","","","","","","","","","","","","","","",
"Jordania","JOR","Ayuda oficial neta recibida (US$ a precios actuales)","DT.ODA.OATL.CD","","","","","","","","","","","","","","","","","","","","","","","","","","","","","","","","","","","","","","","","","","","","","","","","","","","","","","","","","","","","","","",
"Japón","JPN","Ayuda oficial neta recibida (US$ a precios actuales)","DT.ODA.OATL.CD","","","","","","","","","","","","","","","","","","","","","","","","","","","","","","","","","","","","","","","","","","","","","","","","","","","","","","","","","","","","","","",
"Kazajstán","KAZ","Ayuda oficial neta recibida (US$ a precios actuales)","DT.ODA.OATL.CD","","","","","","","","","","","","","","","","","","","","","","","","","","","","","","","","","","","","","","","","","","","","","","","","","","","","","","","","","","","","","","",
"Kenya","KEN","Ayuda oficial neta recibida (US$ a precios actuales)","DT.ODA.OATL.CD","","","","","","","","","","","","","","","","","","","","","","","","","","","","","","","","","","","","","","","","","","","","","","","","","","","","","","","","","","","","","","",
"Kirguistán","KGZ","Ayuda oficial neta recibida (US$ a precios actuales)","DT.ODA.OATL.CD","","","","","","","","","","","","","","","","","","","","","","","","","","","","","","","","","","","","","","","","","","","","","","","","","","","","","","","","","","","","","","",
"Camboya","KHM","Ayuda oficial neta recibida (US$ a precios actuales)","DT.ODA.OATL.CD","","","","","","","","","","","","","","","","","","","","","","","","","","","","","","","","","","","","","","","","","","","","","","","","","","","","","","","","","","","","","","",
"Kiribati","KIR","Ayuda oficial neta recibida (US$ a precios actuales)","DT.ODA.OATL.CD","","","","","","","","","","","","","","","","","","","","","","","","","","","","","","","","","","","","","","","","","","","","","","","","","","","","","","","","","","","","","","",
"Saint Kitts y Nevis","KNA","Ayuda oficial neta recibida (US$ a precios actuales)","DT.ODA.OATL.CD","","","","","","","","","","","","","","","","","","","","","","","","","","","","","","","","","","","","","","","","","","","","","","","","","","","","","","","","","","","","","","",
"Corea, República de","KOR","Ayuda oficial neta recibida (US$ a precios actuales)","DT.ODA.OATL.CD","","","","","","","","","","","","","","","","","","","","","","","","","","","","","","","","","","","","","","","","","-198139999.389648","-111330001.831055","-81910003.6621094","-461600006.103516","-71540000.9155273","","","","","","","","","","","","","","","","","",
"Kuwait","KWT","Ayuda oficial neta recibida (US$ a precios actuales)","DT.ODA.OATL.CD","","","","","","","","","","","","","","","","","","","","","","","","","","","","","","","","","","","","","24600000.3814697","1279999.97138977","6989999.77111816","8329999.92370605","3890000.10490417","4690000.05722046","5710000.03814697","5519999.98092651","3690000.05722046","","","","","","","","","","","","","","","","","",
"América Latina y el Caribe (excluido altos ingresos)","LAC","Ayuda oficial neta recibida (US$ a precios actuales)","DT.ODA.OATL.CD","","","","","","","","","","","","","","","","","","","","","","","","","","","","","","","0","0","0","0","0","0","0","-239999.994635582","-239999.994635582","-239999.994635582","-239999.994635582","-230000.004172325","-250000","-289999.99165535","-330000.013113022","","","","","","","","","","","","","","","","","",
"República Democrática Popular Lao","LAO","Ayuda oficial neta recibida (US$ a precios actuales)","DT.ODA.OATL.CD","","","","","","","","","","","","","","","","","","","","","","","","","","","","","","","","","","","","","","","","","","","","","","","","","","","","","","","","","","","","","","",
"Líbano","LBN","Ayuda oficial neta recibida (US$ a precios actuales)","DT.ODA.OATL.CD","","","","","","","","","","","","","","","","","","","","","","","","","","","","","","","","","","","","","","","","","","","","","","","","","","","","","","","","","","","","","","",
"Liberia","LBR","Ayuda oficial neta recibida (US$ a precios actuales)","DT.ODA.OATL.CD","","","","","","","","","","","","","","","","","","","","","","","","","","","","","","","","","","","","","","","","","","","","","","","","","","","","","","","","","","","","","","",
"Libia","LBY","Ayuda oficial neta recibida (US$ a precios actuales)","DT.ODA.OATL.CD","","","","","","","","","","","","","","","","","","","","","","","","","","","","","","","","","","","","","","","","","13750000","6949999.80926514","6969999.79019165","7909999.84741211","12500000","","","","","","","","","","","","","","","","","",
"Santa Lucía","LCA","Ayuda oficial neta recibida (US$ a precios actuales)","DT.ODA.OATL.CD","","","","","","","","","","","","","","","","","","","","","","","","","","","","","","","","","","","","","","","","","","","","","","","","","","","","","","","","","","","","","","",
"América Latina y el Caribe","LCN","Ayuda oficial neta recibida (US$ a precios actuales)","DT.ODA.OATL.CD","","","","","","","","","","","","","","","","","","","","","","","","","","","","","","","0","0","0","0","0","0","1450000.04768372","-579999.908804893","22520000.3832579","14240000.2628565","13129999.8909235","4730000.03397465","13099999.7854233","78380001.3959408","-6779999.70316887","","","","","","","","","","","","","","","","","",
"Países menos desarrollados: clasificación de las Naciones Unidas","LDC","Ayuda oficial neta recibida (US$ a precios actuales)","DT.ODA.OATL.CD","","","","","","","","","","","","","","","","","","","","","","","","","","","","","","","","","","","","","","","","","","","","","","","","","","","","","","","","","","","","","","",
"Países de ingreso bajo","LIC","Ayuda oficial neta recibida (US$ a precios actuales)","DT.ODA.OATL.CD","","","","","","","","","","","","","","","","","","","","","","","","","","","","","","","0","0","0","0","0","0","0","0","0","0","0","0","0","0","0","","","","","","","","","","","","","","","","","",
"Liechtenstein","LIE","Ayuda oficial neta recibida (US$ a precios actuales)","DT.ODA.OATL.CD","","","","","","","","","","","","","","","","","","","","","","","","","","","","","","","","","","","","","","","","","","","","","","","","","","","","","","","","","","","","","","",
"Sri Lanka","LKA","Ayuda oficial neta recibida (US$ a precios actuales)","DT.ODA.OATL.CD","","","","","","","","","","","","","","","","","","","","","","","","","","","","","","","","","","","","","","","","","","","","","","","","","","","","","","","","","","","","","","",
"Países de ingreso mediano bajo","LMC","Ayuda oficial neta recibida (US$ a precios actuales)","DT.ODA.OATL.CD","","","","","","","","","","","","","","","","","","","","","","","","","","","","","","","289000000","368299987.792969","557700012.207031","328440002.441406","290350006.103516","319619995.117188","398059997.558594","272579986.572266","468399993.896484","573159973.144531","543320007.324219","514830017.089844","476209991.455078","328359985.351563","376390014.648438","","","","","","","","","","","","","","","","","",
"Ingreso mediano y bajo","LMY","Ayuda oficial neta recibida (US$ a precios actuales)","DT.ODA.OATL.CD","","","","","","","","","","","","","","","","","","","","","","","","","","","","","","","636359985.351563","2821389892.57813","3661590087.89063","4299989746.09375","4315959960.9375","4353850097.65625","3569629882.8125","2922510009.76563","3648959960.9375","4216919921.875","3438859863.28125","2541600097.65625","2869810058.59375","2932150146.48438","3259860107.42188","","","","","","","","","","","","","","","","","",
"Lesotho","LSO","Ayuda oficial neta recibida (US$ a precios actuales)","DT.ODA.OATL.CD","","","","","","","","","","","","","","","","","","","","","","","","","","","","","","","","","","","","","","","","","","","","","","","","","","","","","","","","","","","","","","",
"avanzada del dividendo demográfico","LTE","Ayuda oficial neta recibida (US$ a precios actuales)","DT.ODA.OATL.CD","","","","","","","","","","","","","","","","","","","","","","","","","","","","","","","1824540027.61841","3525210028.64838","3886560008.04902","3812589956.28357","4040030033.11157","6288689914.70337","3103160016.53671","2250579988.3604","2838840010.97083","4088329981.44626","4479100001.21594","3781840040.77315","3665780007.48158","4470089950.29331","5453250106.81153","","","","","","","","","","","","","","","","","",
"Lituania","LTU","Ayuda oficial neta recibida (US$ a precios actuales)","DT.ODA.OATL.CD","","","","","","","","","","","","","","","","","","","","","","","","","","","","","","","","3960000.03814697","93849998.4741211","62200000.7629395","71430000.3051758","179130004.882813","90720001.2207031","103580001.831055","130130004.882813","132399993.896484","97819999.6948242","130229995.727539","132210006.713867","370880004.882813","249380004.882813","","","","","","","","","","","","","","","","","",
"Luxemburgo","LUX","Ayuda oficial neta recibida (US$ a precios actuales)","DT.ODA.OATL.CD","","","","","","","","","","","","","","","","","","","","","","","","","","","","","","","","","","","","","","","","","","","","","","","","","","","","","","","","","","","","","","",
"Letonia","LVA","Ayuda oficial neta recibida (US$ a precios actuales)","DT.ODA.OATL.CD","","","","","","","","","","","","","","","","","","","","","","","","","","","","","","","","3420000.07629395","80309997.5585938","33310001.373291","52759998.3215332","63349998.4741211","72190002.4414063","81199996.9482422","97889999.3896484","98930000.3051758","90589996.3378906","105180000.305176","75199996.9482422","113370002.746582","161809997.558594","","","","","","","","","","","","","","","","","",
"Región Administrativa Especial de Macao, China","MAC","Ayuda oficial neta recibida (US$ a precios actuales)","DT.ODA.OATL.CD","","","","","","","","","","","","","","","","","","","","","","","","","","","","","","","","","","","","","","","","","680000.007152557","529999.971389771","980000.019073486","129999.995231628","119999.997317791","","","","","","","","","","","","","","","","","",
"Isla de San Martín (parte francesa)","MAF","Ayuda oficial neta recibida (US$ a precios actuales)","DT.ODA.OATL.CD","","","","","","","","","","","","","","","","","","","","","","","","","","","","","","","","","","","","","","","","","","","","","","","","","","","","","","","","","","","","","","",
"Marruecos","MAR","Ayuda oficial neta recibida (US$ a precios actuales)","DT.ODA.OATL.CD","","","","","","","","","","","","","","","","","","","","","","","","","","","","","","","","","","","","","","","","","","","","","","","","","","","","","","","","","","","","","","",
"Mónaco","MCO","Ayuda oficial neta recibida (US$ a precios actuales)","DT.ODA.OATL.CD","","","","","","","","","","","","","","","","","","","","","","","","","","","","","","","","","","","","","","","","","","","","","","","","","","","","","","","","","","","","","","",
"República de Moldova","MDA","Ayuda oficial neta recibida (US$ a precios actuales)","DT.ODA.OATL.CD","","","","","","","","","","","","","","","","","","","","","","","","","","","","","","","","","9699999.80926514","28809999.4659424","54270000.4577637","65819999.6948242","36360000.6103516","","","","","","","","","","","","","","","","","","","","","","","","","",
"Madagascar","MDG","Ayuda oficial neta recibida (US$ a precios actuales)","DT.ODA.OATL.CD","","","","","","","","","","","","","","","","","","","","","","","","","","","","","","","","","","","","","","","","","","","","","","","","","","","","","","","","","","","","","","",
"Maldivas","MDV","Ayuda oficial neta recibida (US$ a precios actuales)","DT.ODA.OATL.CD","","","","","","","","","","","","","","","","","","","","","","","","","","","","","","","","","","","","","","","","","","","","","","","","","","","","","","","","","","","","","","",
"Oriente Medio y Norte de África","MEA","Ayuda oficial neta recibida (US$ a precios actuales)","DT.ODA.OATL.CD","","","","","","","","","","","","","","","","","","","","","","","","","","","","","","","0","0","0","0","0","0","34590000.3910065","1201429975.50964","1079179946.18416","923710021.972656","822780000.209808","190270005.941391","778399994.850159","472309989.929199","510220006.465912","","","","","","","","","","","","","","","","","",
"México","MEX","Ayuda oficial neta recibida (US$ a precios actuales)","DT.ODA.OATL.CD","","","","","","","","","","","","","","","","","","","","","","","","","","","","","","","","","","","","","","","","","","","","","","","","","","","","","","","","","","","","","","",
"Islas Marshall","MHL","Ayuda oficial neta recibida (US$ a precios actuales)","DT.ODA.OATL.CD","","","","","","","","","","","","","","","","","","","","","","","","","","","","","","","","","","","","","","","","","","","","","","","","","","","","","","","","","","","","","","",
" Ingreso mediano","MIC","Ayuda oficial neta recibida (US$ a precios actuales)","DT.ODA.OATL.CD","","","","","","","","","","","","","","","","","","","","","","","","","","","","","","","556640014.648438","1434719970.70313","2922750000","3077309814.45313","2467870117.1875","2638010009.76563","2094159912.10938","1451589965.82031","1930770019.53125","2816760009.76563","2453889892.57813","1998090087.89063","2133959960.9375","2046140014.64844","2376750000","","","","","","","","","","","","","","","","","",
"Macedonia del Norte","MKD","Ayuda oficial neta recibida (US$ a precios actuales)","DT.ODA.OATL.CD","","","","","","","","","","","","","","","","","","","","","","","","","","","","","","","","","","","","","","","","","","","","","","","","","","","","","","","","","","","","","","",
"Malí","MLI","Ayuda oficial neta recibida (US$ a precios actuales)","DT.ODA.OATL.CD","","","","","","","","","","","","","","","","","","","","","","","","","","","","","","","","","","","","","","","","","","","","","","","","","","","","","","","","","","","","","","",
"Malta","MLT","Ayuda oficial neta recibida (US$ a precios actuales)","DT.ODA.OATL.CD","","","","","","","","","","","","","","","","","","","","","","","","","","","","","","","","","","","","","","","","","","","","9109999.65667725","6190000.05722046","","","","","","","","","","","","","","","","","",
"Myanmar","MMR","Ayuda oficial neta recibida (US$ a precios actuales)","DT.ODA.OATL.CD","","","","","","","","","","","","","","","","","","","","","","","","","","","","","","","","","","","","","","","","","","","","","","","","","","","","","","","","","","","","","","",
"Oriente Medio y Norte de África (excluido altos ingresos)","MNA","Ayuda oficial neta recibida (US$ a precios actuales)","DT.ODA.OATL.CD","","","","","","","","","","","","","","","","","","","","","","","","","","","","","","","0","0","0","0","0","0","0","0","0","0","13750000","6949999.80926514","6969999.79019165","7909999.84741211","12500000","","","","","","","","","","","","","","","","","",
"Montenegro","MNE","Ayuda oficial neta recibida (US$ a precios actuales)","DT.ODA.OATL.CD","","","","","","","","","","","","","","","","","","","","","","","","","","","","","","","","","","","","","","","","","","","","","","","","","","","","","","","","","","","","","","",
"Mongolia","MNG","Ayuda oficial neta recibida (US$ a precios actuales)","DT.ODA.OATL.CD","","","","","","","","","","","","","","","","","","","","","","","","","","","","","","","","","","","","","","","","","","","","","","","","","","","","","","","","","","","","","","",
"Mariana","MNP","Ayuda oficial neta recibida (US$ a precios actuales)","DT.ODA.OATL.CD","","","","","","","","","","","","","","","","","","","","","","","","","","","","","","","","","","","","","","","","","180000.007152557","","","","","","","","","","","","","","","","","","","","","",
"Mozambique","MOZ","Ayuda oficial neta recibida (US$ a precios actuales)","DT.ODA.OATL.CD","","","","","","","","","","","","","","","","","","","","","","","","","","","","","","","","","","","","","","","","","","","","","","","","","","","","","","","","","","","","","","",
"Mauritania","MRT","Ayuda oficial neta recibida (US$ a precios actuales)","DT.ODA.OATL.CD","","","","","","","","","","","","","","","","","","","","","","","","","","","","","","","","","","","","","","","","","","","","","","","","","","","","","","","","","","","","","","",
"Mauricio","MUS","Ayuda oficial neta recibida (US$ a precios actuales)","DT.ODA.OATL.CD","","","","","","","","","","","","","","","","","","","","","","","","","","","","","","","","","","","","","","","","","","","","","","","","","","","","","","","","","","","","","","",
"Malawi","MWI","Ayuda oficial neta recibida (US$ a precios actuales)","DT.ODA.OATL.CD","","","","","","","","","","","","","","","","","","","","","","","","","","","","","","","","","","","","","","","","","","","","","","","","","","","","","","","","","","","","","","",
"Malasia","MYS","Ayuda oficial neta recibida (US$ a precios actuales)","DT.ODA.OATL.CD","","","","","","","","","","","","","","","","","","","","","","","","","","","","","","","","","","","","","","","","","","","","","","","","","","","","","","","","","","","","","","",
"América del Norte","NAC","Ayuda oficial neta recibida (US$ a precios actuales)","DT.ODA.OATL.CD","","","","","","","","","","","","","","","","","","","","","","","","","","","","","","","0","0","0","0","0","0","0","-8220000.26702881","550000.011920929","79999.9982118607","59999.9986588955","19999.9995529652","19999.9995529652","29999.9993294477","90000.0035762787","","","","","","","","","","","","","","","","","",
"Namibia","NAM","Ayuda oficial neta recibida (US$ a precios actuales)","DT.ODA.OATL.CD","","","","","","","","","","","","","","","","","","","","","","","","","","","","","","","","","","","","","","","","","","","","","","","","","","","","","","","","","","","","","","",
"Nueva Caledonia","NCL","Ayuda oficial neta recibida (US$ a precios actuales)","DT.ODA.OATL.CD","","","","","","","","","","","","","","","","","","","","","","","","","","","","","","","","","","","","","","","","","350170013.427734","294149993.896484","323829986.572266","453899993.896484","524340026.855469","","","","","","","","","","","","","","","","","",
"Níger","NER","Ayuda oficial neta recibida (US$ a precios actuales)","DT.ODA.OATL.CD","","","","","","","","","","","","","","","","","","","","","","","","","","","","","","","","","","","","","","","","","","","","","","","","","","","","","","","","","","","","","","",
"Nigeria","NGA","Ayuda oficial neta recibida (US$ a precios actuales)","DT.ODA.OATL.CD","","","","","","","","","","","","","","","","","","","","","","","","","","","","","","","","","","","","","","","","","","","","","","","","","","","","","","","","","","","","","","",
"Nicaragua","NIC","Ayuda oficial neta recibida (US$ a precios actuales)","DT.ODA.OATL.CD","","","","","","","","","","","","","","","","","","","","","","","","","","","","","","","","","","","","","","","","","","","","","","","","","","","","","","","","","","","","","","",
"Países Bajos","NLD","Ayuda oficial neta recibida (US$ a precios actuales)","DT.ODA.OATL.CD","","","","","","","","","","","","","","","","","","","","","","","","","","","","","","","","","","","","","","","","","","","","","","","","","","","","","","","","","","","","","","",
"Noruega","NOR","Ayuda oficial neta recibida (US$ a precios actuales)","DT.ODA.OATL.CD","","","","","","","","","","","","","","","","","","","","","","","","","","","","","","","","","","","","","","","","","","","","","","","","","","","","","","","","","","","","","","",
"Nepal","NPL","Ayuda oficial neta recibida (US$ a precios actuales)","DT.ODA.OATL.CD","","","","","","","","","","","","","","","","","","","","","","","","","","","","","","","","","","","","","","","","","","","","","","","","","","","","","","","","","","","","","","",
"Nauru","NRU","Ayuda oficial neta recibida (US$ a precios actuales)","DT.ODA.OATL.CD","","","","","","","","","","","","","","","","","","","","","","","","","","","","","","","","","","","","","","","","","","","","","","","","","","","","","","","","","","","","","","",
"Nueva Zelandia","NZL","Ayuda oficial neta recibida (US$ a precios actuales)","DT.ODA.OATL.CD","","","","","","","","","","","","","","","","","","","","","","","","","","","","","","","","","","","","","","","","","","","","","","","","","","","","","","","","","","","","","","",
"Miembros OCDE","OED","Ayuda oficial neta recibida (US$ a precios actuales)","DT.ODA.OATL.CD","","","","","","","","","","","","","","","","","","","","","","","","","","","","","","","1407810031.89087","3501929977.417","2128390029.90723","1523440063.47656","2403260025.02441","4089509883.88062","1815529987.33521","2669239959.7168","3101809959.41162","3285290023.80371","3050040023.80371","2218729972.83936","2285969997.40601","2461919998.16895","3351770042.41944","","","","","","","","","","","","","","","","","",
"Omán","OMN","Ayuda oficial neta recibida (US$ a precios actuales)","DT.ODA.OATL.CD","","","","","","","","","","","","","","","","","","","","","","","","","","","","","","","","","","","","","","","","","","","","","","","","","","","","","","","","","","","","","","",
"Otros Estados pequeos","OSS","Ayuda oficial neta recibida (US$ a precios actuales)","DT.ODA.OATL.CD","","","","","","","","","","","","","","","","","","","","","","","","","","","","","","","","15369999.8855591","104370002.746582","42310001.373291","43810001.373291","58049999.2370605","65819998.9795685","110570004.820824","128509996.74201","144700004.220009","120800003.409386","122460000.84281","91859999.7758865","113090003.222227","205879993.43872","","","","","","","","","","","","","","","","","",
"Pakistán","PAK","Ayuda oficial neta recibida (US$ a precios actuales)","DT.ODA.OATL.CD","","","","","","","","","","","","","","","","","","","","","","","","","","","","","","","","","","","","","","","","","","","","","","","","","","","","","","","","","","","","","","",
"Panamá","PAN","Ayuda oficial neta recibida (US$ a precios actuales)","DT.ODA.OATL.CD","","","","","","","","","","","","","","","","","","","","","","","","","","","","","","","","","","","","","","","","","","","","","","","","","","","","","","","","","","","","","","",
"Perú","PER","Ayuda oficial neta recibida (US$ a precios actuales)","DT.ODA.OATL.CD","","","","","","","","","","","","","","","","","","","","","","","","","","","","","","","","","","","","","","","","","","","","","","","","","","","","","","","","","","","","","","",
"Filipinas","PHL","Ayuda oficial neta recibida (US$ a precios actuales)","DT.ODA.OATL.CD","","","","","","","","","","","","","","","","","","","","","","","","","","","","","","","","","","","","","","","","","","","","","","","","","","","","","","","","","","","","","","",
"Palau","PLW","Ayuda oficial neta recibida (US$ a precios actuales)","DT.ODA.OATL.CD","","","","","","","","","","","","","","","","","","","","","","","","","","","","","","","","","","","","","","","","","","","","","","","","","","","","","","","","","","","","","","",
"Papua Nueva Guinea","PNG","Ayuda oficial neta recibida (US$ a precios actuales)","DT.ODA.OATL.CD","","","","","","","","","","","","","","","","","","","","","","","","","","","","","","","","","","","","","","","","","","","","","","","","","","","","","","","","","","","","","","",
"Polonia","POL","Ayuda oficial neta recibida (US$ a precios actuales)","DT.ODA.OATL.CD","","","","","","","","","","","","","","","","","","","","","","","","","","","","","","","1320280029.29688","2507260009.76563","1435530029.29688","1071560058.59375","1809520019.53125","3788879882.8125","1164369995.11719","860479980.46875","875330017.089844","1179150024.41406","1393410034.17969","958489990.234375","876440002.441406","1185640014.64844","1520160034.17969","","","","","","","","","","","","","","","","","",
"previa al dividendo demográfico","PRE","Ayuda oficial neta recibida (US$ a precios actuales)","DT.ODA.OATL.CD","","","","","","","","","","","","","","","","","","","","","","","","","","","","","","","","","","","","","","","","","","","","","","","","","","","","","","","","","","","","","","",
"Puerto Rico","PRI","Ayuda oficial neta recibida (US$ a precios actuales)","DT.ODA.OATL.CD","","","","","","","","","","","","","","","","","","","","","","","","","","","","","","","","","","","","","","","","","","","","","","","","","","","","","","","","","","","","","","",
"Corea, República Popular Democrática de","PRK","Ayuda oficial neta recibida (US$ a precios actuales)","DT.ODA.OATL.CD","","","","","","","","","","","","","","","","","","","","","","","","","","","","","","","","","","","","","","","","","","","","","","","","","","","","","","","","","","","","","","",
"Portugal","PRT","Ayuda oficial neta recibida (US$ a precios actuales)","DT.ODA.OATL.CD","","","","","","","","","","","","","","","","","","","","","","","","","","","","","","","","","","","","","","","","","","","","","","","","","","","","","","","","","","","","","","",
"Paraguay","PRY","Ayuda oficial neta recibida (US$ a precios actuales)","DT.ODA.OATL.CD","","","","","","","","","","","","","","","","","","","","","","","","","","","","","","","","","","","","","","","","","","","","","","","","","","","","","","","","","","","","","","",
"Ribera Occidental y Gaza","PSE","Ayuda oficial neta recibida (US$ a precios actuales)","DT.ODA.OATL.CD","","","","","","","","","","","","","","","","","","","","","","","","","","","","","","","","","","","","","","","","","","","","","","","","","","","","","","","","","","","","","","",
"Estados pequeos de las Islas del Pacfico","PSS","Ayuda oficial neta recibida (US$ a precios actuales)","DT.ODA.OATL.CD","","","","","","","","","","","","","","","","","","","","","","","","","","","","","","","","","","","","","","","","","","","","","","","","","","","","","","","","","","","","","","",
"posterior al dividendo demográfico","PST","Ayuda oficial neta recibida (US$ a precios actuales)","DT.ODA.OATL.CD","","","","","","","","","","","","","","","","","","","","","","","","","","","","","","","383310002.326965","1732189949.98932","1422769996.64307","954840000.152587","985490005.493165","736680000.305177","1091539996.14716","954709990.978241","1572799989.34269","1581249954.81968","1481740014.61268","1656450011.37257","1224999999.04633","1291829980.73101","1887830027.21518","","","","","","","280000.001192093","","","","","","","","","","",
"Polinesia Francesa","PYF","Ayuda oficial neta recibida (US$ a precios actuales)","DT.ODA.OATL.CD","","","","","","","","","","","","","","","","","","","","","","","","","","","","","","","","","","","","","","","","","402589996.337891","388329986.572266","418390014.648438","518539978.027344","579750000","","","","","","","","","","","","","","","","","",
"Qatar","QAT","Ayuda oficial neta recibida (US$ a precios actuales)","DT.ODA.OATL.CD","","","","","","","","","","","","","","","","","","","","","","","","","","","","","","","","","","","","","3279999.97138977","2059999.94277954","2660000.08583069","6340000.15258789","1940000.05722046","3910000.08583069","5019999.98092651","4820000.17166138","3630000.11444092","","","","","","","","","","","","","","","","","",
"Rumania","ROU","Ayuda oficial neta recibida (US$ a precios actuales)","DT.ODA.OATL.CD","","","","","","","","","","","","","","","","","","","","","","","","","","","","","","","243399993.896484","320750000","258190002.441406","166679992.675781","154389999.389648","297850006.103516","230919998.168945","218419998.168945","366119995.117188","386390014.648438","430769989.013672","646580017.089844","418149993.896484","597729980.46875","910950012.207031","","","","","","","","","","","","","","","","","",
"Federación de Rusia","RUS","Ayuda oficial neta recibida (US$ a precios actuales)","DT.ODA.OATL.CD","","","","","","","","","","","","","","","","","","","","","","","","","","","","","","","254020004.272461","563710021.972656","1935099975.58594","2419399902.34375","1846890014.64844","1916780029.29688","1403150024.41406","903010009.765625","1183119995.11719","1937319946.28906","1553719970.70313","1089810058.59375","1284520019.53125","1244479980.46875","1319550048.82813","","","","","","","","","","","","","","","","","",
"Rwanda","RWA","Ayuda oficial neta recibida (US$ a precios actuales)","DT.ODA.OATL.CD","","","","","","","","","","","","","","","","","","","","","","","","","","","","","","","","","","","","","","","","","","","","","","","","","","","","","","","","","","","","","","",
"Asia meridional","SAS","Ayuda oficial neta recibida (US$ a precios actuales)","DT.ODA.OATL.CD","","","","","","","","","","","","","","","","","","","","","","","","","","","","","","","0","0","0","0","0","0","0","0","0","0","0","0","0","0","0","","","","","","","","","","","","","","","","","",
"Arabia Saudita","SAU","Ayuda oficial neta recibida (US$ a precios actuales)","DT.ODA.OATL.CD","","","","","","","","","","","","","","","","","","","","","","","","","","","","","","","","","","","","","","","","","","","","","","","","","709999.978542328","289999.99165535","","","","","","","","","","","","",
"Sudán","SDN","Ayuda oficial neta recibida (US$ a precios actuales)","DT.ODA.OATL.CD","","","","","","","","","","","","","","","","","","","","","","","","","","","","","","","","","","","","","","","","","","","","","","","","","","","","","","","","","","","","","","",
"Senegal","SEN","Ayuda oficial neta recibida (US$ a precios actuales)","DT.ODA.OATL.CD","","","","","","","","","","","","","","","","","","","","","","","","","","","","","","","","","","","","","","","","","","","","","","","","","","","","","","","","","","","","","","",
"Singapur","SGP","Ayuda oficial neta recibida (US$ a precios actuales)","DT.ODA.OATL.CD","","","","","","","","","","","","","","","","","","","","","","","","","","","","","","","","","","","","","14880000.1144409","2809999.94277954","1620000.00476837","-1110000.01430511","1090000.0333786","850000.023841858","7190000.05722046","7070000.17166138","9140000.34332275","","","","","","","","","","","","","","","","","",
"Islas Salomón","SLB","Ayuda oficial neta recibida (US$ a precios actuales)","DT.ODA.OATL.CD","","","","","","","","","","","","","","","","","","","","","","","","","","","","","","","","","","","","","","","","","","","","","","","","","","","","","","","","","","","","","","",
"Sierra Leona","SLE","Ayuda oficial neta recibida (US$ a precios actuales)","DT.ODA.OATL.CD","","","","","","","","","","","","","","","","","","","","","","","","","","","","","","","","","","","","","","","","","","","","","","","","","","","","","","","","","","","","","","",
"El Salvador","SLV","Ayuda oficial neta recibida (US$ a precios actuales)","DT.ODA.OATL.CD","","","","","","","","","","","","","","","","","","","","","","","","","","","","","","","","","","","","","","","","","","","","","","","","","","","","","","","","","","","","","","",
"San Marino","SMR","Ayuda oficial neta recibida (US$ a precios actuales)","DT.ODA.OATL.CD","","","","","","","","","","","","","","","","","","","","","","","","","","","","","","","","","","","","","","","","","","","","","","","","","","","","","","","","","","","","","","",
"Somalia","SOM","Ayuda oficial neta recibida (US$ a precios actuales)","DT.ODA.OATL.CD","","","","","","","","","","","","","","","","","","","","","","","","","","","","","","","","","","","","","","","","","","","","","","","","","","","","","","","","","","","","","","",
"Serbia","SRB","Ayuda oficial neta recibida (US$ a precios actuales)","DT.ODA.OATL.CD","","","","","","","","","","","","","","","","","","","","","","","","","","","","","","","","","","","","","","","","","","","","","","","","","","","","","","","","","","","","","","",
"África al sur del Sahara (excluido altos ingresos)","SSA","Ayuda oficial neta recibida (US$ a precios actuales)","DT.ODA.OATL.CD","","","","","","","","","","","","","","","","","","","","","","","","","","","","","","","0","0","0","0","0","0","0","0","0","0","0","0","0","0","0","","","","","","","","","","","","","","","","","",
"Sudán del Sur","SSD","Ayuda oficial neta recibida (US$ a precios actuales)","DT.ODA.OATL.CD","","","","","","","","","","","","","","","","","","","","","","","","","","","","","","","","","","","","","","","","","","","","","","","","","","","","","","","","","","","","","","",
"África al sur del Sahara","SSF","Ayuda oficial neta recibida (US$ a precios actuales)","DT.ODA.OATL.CD","","","","","","","","","","","","","","","","","","","","","","","","","","","","","","","0","0","0","0","0","0","0","0","0","0","0","0","0","0","0","","","","","","","","","","","","","","","","","",
"Pequeños Estados","SST","Ayuda oficial neta recibida (US$ a precios actuales)","DT.ODA.OATL.CD","","","","","","","","","","","","","","","","","","","","","","","","","","","","","","","","15369999.8855591","104370002.746582","42310001.373291","43810001.373291","58049999.2370605","67269999.0272522","114030004.858971","151109997.12348","156170004.487038","126270003.199577","129900000.90003","96569999.8140335","116970003.336668","210359993.457794","","","","","","","","","","","","","","","","","",
"Santo Tomé y Príncipe","STP","Ayuda oficial neta recibida (US$ a precios actuales)","DT.ODA.OATL.CD","","","","","","","","","","","","","","","","","","","","","","","","","","","","","","","","","","","","","","","","","","","","","","","","","","","","","","","","","","","","","","",
"Suriname","SUR","Ayuda oficial neta recibida (US$ a precios actuales)","DT.ODA.OATL.CD","","","","","","","","","","","","","","","","","","","","","","","","","","","","","","","","","","","","","","","","","","","","","","","","","","","","","","","","","","","","","","",
"República Eslovaca","SVK","Ayuda oficial neta recibida (US$ a precios actuales)","DT.ODA.OATL.CD","","","","","","","","","","","","","","","","","","","","","","","","","","","","","","","6840000.15258789","114699996.948242","63360000.6103516","50520000.4577637","78389999.3896484","97959999.0844727","97589996.3378906","70419998.1689453","154820007.324219","318709991.455078","112989997.86377","164039993.286133","152649993.896484","161869995.117188","234789993.286133","","","","","","","","","","","","","","","","","",
"Eslovenia","SVN","Ayuda oficial neta recibida (US$ a precios actuales)","DT.ODA.OATL.CD","","","","","","","","","","","","","","","","","","","","","","","","","","","","","","","","","","","","","","","","","","","","56209999.0844727","62220001.2207031","","","","","","","","","","","","","","","","","",
"Suecia","SWE","Ayuda oficial neta recibida (US$ a precios actuales)","DT.ODA.OATL.CD","","","","","","","","","","","","","","","","","","","","","","","","","","","","","","","","","","","","","","","","","","","","","","","","","","","","","","","","","","","","","","",
"Eswatini","SWZ","Ayuda oficial neta recibida (US$ a precios actuales)","DT.ODA.OATL.CD","","","","","","","","","","","","","","","","","","","","","","","","","","","","","","","","","","","","","","","","","","","","","","","","","","","","","","","","","","","","","","",
"Sint Maarten (Dutch part)","SXM","Ayuda oficial neta recibida (US$ a precios actuales)","DT.ODA.OATL.CD","","","","","","","","","","","","","","","","","","","","","","","","","","","","","","","","","","","","","","","","","","","","","","","","","","","","","","","","","","","","","","",
"Seychelles","SYC","Ayuda oficial neta recibida (US$ a precios actuales)","DT.ODA.OATL.CD","","","","","","","","","","","","","","","","","","","","","","","","","","","","","","","","","","","","","","","","","","","","","","","","","","","","","","","","","","","","","","",
"República Árabe Siria","SYR","Ayuda oficial neta recibida (US$ a precios actuales)","DT.ODA.OATL.CD","","","","","","","","","","","","","","","","","","","","","","","","","","","","","","","","","","","","","","","","","","","","","","","","","","","","","","","","","","","","","","",
"Islas Turcas y Caicos","TCA","Ayuda oficial neta recibida (US$ a precios actuales)","DT.ODA.OATL.CD","","","","","","","","","","","","","","","","","","","","","","","","","","","","","","","","","","","","","","","","","","","","","","","","","","","","","","","","","","","","","","",
"Chad","TCD","Ayuda oficial neta recibida (US$ a precios actuales)","DT.ODA.OATL.CD","","","","","","","","","","","","","","","","","","","","","","","","","","","","","","","","","","","","","","","","","","","","","","","","","","","","","","","","","","","","","","",
"Asia oriental y el Pacífico (BIRF y la AIF)","TEA","Ayuda oficial neta recibida (US$ a precios actuales)","DT.ODA.OATL.CD","","","","","","","","","","","","","","","","","","","","","","","","","","","","","","","","","","","","","","","","","","","","","","","","","","","","","","","","","","","","","","",
"Europa y Asia central (BIRF y la AIF)","TEC","Ayuda oficial neta recibida (US$ a precios actuales)","DT.ODA.OATL.CD","","","","","","","","","","","","","","","","","","","","","","","","","","","","","","","2120320027.35138","4262730010.98633","4616470004.08173","4315549951.55334","4431780033.11157","6724739913.94044","3489450019.83643","2530489974.97559","3172220005.0354","4382299957.27539","4264320014.95362","3596210094.4519","3421580005.64575","3821599964.14185","4795360103.60719","","","","","","","280000.001192093","","","","","","","","","","",
"Togo","TGO","Ayuda oficial neta recibida (US$ a precios actuales)","DT.ODA.OATL.CD","","","","","","","","","","","","","","","","","","","","","","","","","","","","","","","","","","","","","","","","","","","","","","","","","","","","","","","","","","","","","","",
"Tailandia","THA","Ayuda oficial neta recibida (US$ a precios actuales)","DT.ODA.OATL.CD","","","","","","","","","","","","","","","","","","","","","","","","","","","","","","","","","","","","","","","","","","","","","","","","","","","","","","","","","","","","","","",
"Tayikistán","TJK","Ayuda oficial neta recibida (US$ a precios actuales)","DT.ODA.OATL.CD","","","","","","","","","","","","","","","","","","","","","","","","","","","","","","","","","","","","","","","","","","","","","","","","","","","","","","","","","","","","","","",
"Turkmenistán","TKM","Ayuda oficial neta recibida (US$ a precios actuales)","DT.ODA.OATL.CD","","","","","","","","","","","","","","","","","","","","","","","","","","","","","","","","","","","","","","","","","","","","","","","","","","","","","","","","","","","","","","",
"América Latina y el Caribe (BIRF y la AIF)","TLA","Ayuda oficial neta recibida (US$ a precios actuales)","DT.ODA.OATL.CD","","","","","","","","","","","","","","","","","","","","","","","","","","","","","","","","","","","","","","","","","","","","","","","","","","","","","","","","","","","","","","",
"Timor-Leste","TLS","Ayuda oficial neta recibida (US$ a precios actuales)","DT.ODA.OATL.CD","","","","","","","","","","","","","","","","","","","","","","","","","","","","","","","","","","","","","","","","","","","","","","","","","","","","","","","","","","","","","","",
"Oriente Medio y Norte de África (BIRF y la AIF)","TMN","Ayuda oficial neta recibida (US$ a precios actuales)","DT.ODA.OATL.CD","","","","","","","","","","","","","","","","","","","","","","","","","","","","","","","","","","","","","","","","","13750000","6949999.80926514","6969999.79019165","7909999.84741211","12500000","","","","","","","","","","","","","","","","","",
"Tonga","TON","Ayuda oficial neta recibida (US$ a precios actuales)","DT.ODA.OATL.CD","","","","","","","","","","","","","","","","","","","","","","","","","","","","","","","","","","","","","","","","","","","","","","","","","","","","","","","","","","","","","","",
"Asia meridional (BIRF y la AIF)","TSA","Ayuda oficial neta recibida (US$ a precios actuales)","DT.ODA.OATL.CD","","","","","","","","","","","","","","","","","","","","","","","","","","","","","","","","","","","","","","","","","","","","","","","","","","","","","","","","","","","","","","",
"África al sur del Sahara (BIRF y la AIF)","TSS","Ayuda oficial neta recibida (US$ a precios actuales)","DT.ODA.OATL.CD","","","","","","","","","","","","","","","","","","","","","","","","","","","","","","","","","","","","","","","","","","","","","","","","","","","","","","","","","","","","","","",
"Trinidad y Tobago","TTO","Ayuda oficial neta recibida (US$ a precios actuales)","DT.ODA.OATL.CD","","","","","","","","","","","","","","","","","","","","","","","","","","","","","","","","","","","","","","","","","","","","","","","","","","","","","","","","","","","","","","",
"Túnez","TUN","Ayuda oficial neta recibida (US$ a precios actuales)","DT.ODA.OATL.CD","","","","","","","","","","","","","","","","","","","","","","","","","","","","","","","","","","","","","","","","","","","","","","","","","","","","","","","","","","","","","","",
"Turquía","TUR","Ayuda oficial neta recibida (US$ a precios actuales)","DT.ODA.OATL.CD","","","","","","","","","","","","","","","","","","","","","","","","","","","","","","","","","","","","","","","","","","","","","","","","","","","","","","","","","","","","","","",
"Tuvalu","TUV","Ayuda oficial neta recibida (US$ a precios actuales)","DT.ODA.OATL.CD","","","","","","","","","","","","","","","","","","","","","","","","","","","","","","","","","","","","","","","","","","","","","","","","","","","","","","","","","","","","","","",
"Tanzanía","TZA","Ayuda oficial neta recibida (US$ a precios actuales)","DT.ODA.OATL.CD","","","","","","","","","","","","","","","","","","","","","","","","","","","","","","","","","","","","","","","","","","","","","","","","","","","","","","","","","","","","","","",
"Uganda","UGA","Ayuda oficial neta recibida (US$ a precios actuales)","DT.ODA.OATL.CD","","","","","","","","","","","","","","","","","","","","","","","","","","","","","","","","","","","","","","","","","","","","","","","","","","","","","","","","","","","","","","",
"Ucrania","UKR","Ayuda oficial neta recibida (US$ a precios actuales)","DT.ODA.OATL.CD","","","","","","","","","","","","","","","","","","","","","","","","","","","","","","","289000000","368299987.792969","557700012.207031","328440002.441406","290350006.103516","319619995.117188","398059997.558594","272579986.572266","468399993.896484","573159973.144531","543320007.324219","514830017.089844","476209991.455078","328359985.351563","376390014.648438","","","","","","","","","","","","","","","","","",
"Ingreso mediano alto","UMC","Ayuda oficial neta recibida (US$ a precios actuales)","DT.ODA.OATL.CD","","","","","","","","","","","","","","","","","","","","","","","","","","","","","","","267640004.15802","1066420013.42773","2365049960.13641","2748869897.84241","2177520008.08716","2318390029.90723","1696100028.9917","1179010009.76563","1462369998.93188","2243599945.06836","1910569984.43604","1483260069.84711","1657750017.64297","1717779983.52051","2000360042.57202","","","","","","","","","","","","","","","","","",
"Uruguay","URY","Ayuda oficial neta recibida (US$ a precios actuales)","DT.ODA.OATL.CD","","","","","","","","","","","","","","","","","","","","","","","","","","","","","","","","","","","","","","","","","","","","","","","","","","","","","","","","","","","","","","",
"Estados Unidos","USA","Ayuda oficial neta recibida (US$ a precios actuales)","DT.ODA.OATL.CD","","","","","","","","","","","","","","","","","","","","","","","","","","","","","","","","","","","","","","","","","","","","","","","","","","","","","","","","","","","","","","",
"Uzbekistán","UZB","Ayuda oficial neta recibida (US$ a precios actuales)","DT.ODA.OATL.CD","","","","","","","","","","","","","","","","","","","","","","","","","","","","","","","","","","","","","","","","","","","","","","","","","","","","","","","","","","","","","","",
"San Vicente y las Granadinas","VCT","Ayuda oficial neta recibida (US$ a precios actuales)","DT.ODA.OATL.CD","","","","","","","","","","","","","","","","","","","","","","","","","","","","","","","","","","","","","","","","","","","","","","","","","","","","","","","","","","","","","","",
"Venezuela","VEN","Ayuda oficial neta recibida (US$ a precios actuales)","DT.ODA.OATL.CD","","","","","","","","","","","","","","","","","","","","","","","","","","","","","","","","","","","","","","","","","","","","","","","","","","","","","","","","","","","","","","",
"Islas Vírgenes Británicas","VGB","Ayuda oficial neta recibida (US$ a precios actuales)","DT.ODA.OATL.CD","","","","","","","","","","","","","","","","","","","","","","","","","","","","","","","","","","","","","","","","","4840000.15258789","2059999.94277954","-79999.9982118607","-529999.971389771","-1220000.02861023","","","","","","","","","","","","","","","","","",
"Islas Vírgenes (EE.UU.)","VIR","Ayuda oficial neta recibida (US$ a precios actuales)","DT.ODA.OATL.CD","","","","","","","","","","","","","","","","","","","","","","","","","","","","","","","","","","","","","","","","","","","","","","","","","","","","","","","","","","","","","","",
"Viet Nam","VNM","Ayuda oficial neta recibida (US$ a precios actuales)","DT.ODA.OATL.CD","","","","","","","","","","","","","","","","","","","","","","","","","","","","","","","","","","","","","","","","","","","","","","","","","","","","","","","","","","","","","","",
"Vanuatu","VUT","Ayuda oficial neta recibida (US$ a precios actuales)","DT.ODA.OATL.CD","","","","","","","","","","","","","","","","","","","","","","","","","","","","","","","","","","","","","","","","","","","","","","","","","","","","","","","","","","","","","","",
"Mundo","WLD","Ayuda oficial neta recibida (US$ a precios actuales)","DT.ODA.OATL.CD","","","","","","","","","","","","","","","","","","","","","","","","","","","","","","","2276949951.17188","6401109863.28125","4371260253.90625","3737390136.71875","5181109863.28125","7122279785.15625","4497939941.40625","5181609863.28125","6456089843.75","6440890136.71875","6647390136.71875","5729270019.53125","5529160156.25","6458520019.53125","8320969726.5625","","","","","","","","","","","","","","","","","",
"Samoa","WSM","Ayuda oficial neta recibida (US$ a precios actuales)","DT.ODA.OATL.CD","","","","","","","","","","","","","","","","","","","","","","","","","","","","","","","","","","","","","","","","","","","","","","","","","","","","","","","","","","","","","","",
"Kosovo","XKX","Ayuda oficial neta recibida (US$ a precios actuales)","DT.ODA.OATL.CD","","","","","","","","","","","","","","","","","","","","","","","","","","","","","","","","","","","","","","","","","","","","","","","","","","","","","","","","","","","","","","",
"Yemen, Rep. del","YEM","Ayuda oficial neta recibida (US$ a precios actuales)","DT.ODA.OATL.CD","","","","","","","","","","","","","","","","","","","","","","","","","","","","","","","","","","","","","","","","","","","","","","","","","","","","","","","","","","","","","","",
"Sudáfrica","ZAF","Ayuda oficial neta recibida (US$ a precios actuales)","DT.ODA.OATL.CD","","","","","","","","","","","","","","","","","","","","","","","","","","","","","","","","","","","","","","","","","","","","","","","","","","","","","","","","","","","","","","",
"Zambia","ZMB","Ayuda oficial neta recibida (US$ a precios actuales)","DT.ODA.OATL.CD","","","","","","","","","","","","","","","","","","","","","","","","","","","","","","","","","","","","","","","","","","","","","","","","","","","","","","","","","","","","","","",
"Zimbabwe","ZWE","Ayuda oficial neta recibida (US$ a precios actuales)","DT.ODA.OATL.CD","","","","","","","","","","","","","","","","","","","","","","","","","","","","","","","","","","","","","","","","","","","","","","","","","","","","","","","","","","","","","","",
